id,lat,lon
01010,69.3,16.15
01156,68.6,14.4333333333
01033,70.25,19.5
01144,67.4,13.8666666667
ENBO,67.2666666667,14.3666666667
ENHF,70.6666666667,23.6666666667
01055,71.1,24.0
01068,71.0166666667,25.9833333333
